TravelerID,FirstName,LastName,Email,PhoneNum,PassportID,DOB
1,Mickey,Mouse,mickey@disney.com,+1 (813)987-1234,,1/1/2000
2,Minnie,Mouse,minnie@disney.com,+1 (786)123-4567,,12/1/2002
3,Bob,Russo,bob.r@gmail.com,+1 (123)456-7890,,8/12/1995
4,Selena,Gomez,sgomez@gmail.com,+1 (813)987-1235,,3/5/1985
5,Ariana,Grande,ariana@yahoo.com,+1 (786)123-4968,,4/19/2001
6,Justin,Bieber,justinbieber@hotmail.com,+1 (123)006-7891,,9/5/1999
7,LeBron,James,lbjames@gmail.com,+1 (513)987-1236,,6/22/1989
8,Mike,Wazowski,mw1@gmail.com,+1 (786)172-4569,,7/14/1997
9,Miley,Cyrus,miley@gmail.com,+1 (813)987-1235,,3/1/2000
10,Simone,Williams,simone@hotmail.com,+1 (786)123-4568,,12/19/1994
11,Jackson,Taylor,jtaylor@yahoo.com,+1 (123)456-7891,,9/17/1985
12,Juliana,Miller,jmiller@gmail.com,+1 (813)987-1236,,8/5/1986
13,Aiden,Thomas,aident@gmail.com,+1 (786)123-4969,,8/18/1985
14,Carlos,Jones,carlosjones@yahoo.com,+1 (123)006-7892,,3/26/1988
15,Madilyn,Davidson,madilyn123davidson@hotmail.com,+1 (513)987-1237,,2/9/2000
16,Elijah,Horton,elijah.h@gmail.com,+1 (786)172-4570,,2/27/1996
17,Rosalie,Larson,rosalarson@hotmail.com,+1 (813)987-1236,,1/31/1990
18,Adonis,Hale,adonishale987@hotmail.com,+1 (786)123-4569,,3/14/1999
